<?xml version="1.0" encoding="UTF-8" ?>
<!DOCTYPE configuration
        PUBLIC "-//mybatis.org//DTD Config 3.0//EN"
        "http://mybatis.org/dtd/mybatis-3-config.dtd">
<configuration>

    <!--1. 导入properties-->
    <properties resource="db.properties"/>

    <!--2. 起别名-->
    <typeAliases>
        <package name="com.itheima.bean"/>
    </typeAliases>


    <!--3. 连接数据库-->
    <environments default="development">
        <environment id="development">
            <transactionManager type="JDBC"/>
            <dataSource type="POOLED">
                <property name="driver" value="${driver}"/>
                <property name="url" value="${url}"/>
                <property name="username" value="${username}"/>
                <property name="password" value="${password}"/>
            </dataSource>
        </environment>
    </environments>
    <!--4. 登记映射文件-->
    <mappers>
        <package name="com.itheima.dao"/>
    </mappers>
</configuration>